佐々木　正太郎　様,4980-0019-0635-1***,ＶＩＳＡゴールドカード
2015/12/10,国境なき医師団日本　寄付,5000,１,１,5000,
2015/11/07,弥生株式会社,8640,,,,
2015/11/30,ＫＤＤＩ料金,14006,,,,
2015/12/01,アクサダイレクト生命保険,3270,,,,
2015/12/06,ＡＭＡＺＯＮ．ＣＯ．ＪＰ,3456,,,,
2015/12/08,ＡＭＡＺＯＮ．ＣＯ．ＪＰ,4044,,,,
2015/12/08,ＡＭＡＺＯＮ．ＣＯ．ＪＰ,1339,,,,
2015/12/08,ＡＭＡＺＯＮ．ＣＯ．ＪＰ,302,,,,
2015/12/08,ＡＭＡＺＯＮ．ＣＯ．ＪＰ,4611,,,,
2015/12/09,オイシックス,10873,,,,
2015/12/11,オリックス生命保険　保険料,3380,,,,
2015/12/11,ベンキヨウサプリ,1058,,,,
2015/12/12,ＡＭＡＺＯＮ．ＣＯ．ＪＰ,1512,,,,
2015/12/14,東京電力　電気料金等,13790,,,,
2015/12/15,Ａｍａｚｏｎ　Ｄｏｗｎｌｏａｄｓ,1442,,,,
2015/12/15,ＡＭＡＺＯＮ．ＣＯ．ＪＰ,3110,,,,
2015/12/17,ＡＭＡＺＯＮ．ＣＯ．ＪＰ,1296,,,,
2015/12/20,ＡＭＡＺＯＮ．ＣＯ．ＪＰ,3280,,,,
2015/12/20,オナマエドツトコムドメイン,107,,,,
2015/12/21,ＡＭＡＺＯＮ．ＣＯ．ＪＰ,2894,,,,
2015/12/23,さくらインターネット,972,,,,
2015/12/25,ＡＭＡＺＯＮ．ＣＯ．ＪＰ,1580,,,,
2015/12/29,ベネッセコーポレーション,6108,,,,
2015/12/31,ＷＯＷＯＷ視聴料（月額）,1944,,,,Ｄ１ガツシチヨウリヨウ
2015/12/04,AMAZON WEB SERVICES (AWS.AMAZON.CO),18,,,,0.15　USD　125.591　12 04